name,vote percentage,votes
Total Votes, ,3521001
Khan,62.99998210736094,2218230
Correy,19.999965918782756,704199
Li,13.999967622843618,492939
O'Tooley,2.999970746955198,105629
Winner, ,Khan
